"job_id","dataset","implementation","classifier","backend","n_cores","variant","samples","variables","truth_classes","M","Tcycle","landmarks_requested","effective_landmarks","splitting","knn_k","ncomp","graph_neighbors","graph_correction","seed","wall_seconds","reported_core_seconds","embedding_seconds","classic_umap_seconds","kodama_umap_seconds","best_cv_accuracy","median_cv_accuracy","best_run","selected_ari","median_run_ari","selected_classes","median_classes","graph_truth_purity","classic_truth_silhouette","kodama_truth_silhouette","kodama_label_silhouette","median_truth_cluster_compactness","status","error"
"MetRef__historical-r-2.4.1__knn__cpu__c1__historical_reference","MetRef","historical-r-2.4.1","knn","cpu",1,"historical_reference",873,375,22,100,100,100000,655,50,30,50,100,TRUE,1234,610.543,NA,0.293000000000006,0.244000000000028,0.0130000000000337,1,0.961382113821138,5,0,0.0544245510378609,2,6,0.202932416953036,0.119427361473398,0.0710583259909445,NA,0.465013359792294,"complete",NA
"MetRef__kodama-cpp__knn__cpu__c1__historical_comparison_cpu1","MetRef","kodama-cpp","knn","cpu",1,"historical_comparison_cpu1",873,375,22,100,100,100000,655,50,30,50,100,TRUE,1234,965.348,965.330017903,0.0219999999999345,0.244000000000028,0.0199999999999818,1,0.874045801526718,6,0.0451609950487386,0.0707206959021858,2,8.5,0.202932416953036,0.119427361473398,0.0154629214759366,0.462546206566195,0.550408786629,"complete",NA
"MetRef__kodama-cpp__knn__cpu__c4__historical_comparison_cpu4","MetRef","kodama-cpp","knn","cpu",4,"historical_comparison_cpu4",873,375,22,100,100,100000,655,50,30,50,100,TRUE,1234,235.547,235.532692724,0.0289999999999964,0.244000000000028,0.0270000000000437,1,0.874045801526718,6,0.0451609950487386,0.0707206959021858,2,8.5,0.202932416953036,0.119427361473398,0.00120045674554623,0.470188216607447,0.626463092787776,"complete",NA
"MetRef__kodama-cpp__knn__cuda__c4__historical_comparison_cuda","MetRef","kodama-cpp","knn","cuda",4,"historical_comparison_cuda",873,375,22,100,100,100000,655,50,30,50,100,TRUE,1234,2.36099999999988,2.348988843,0.00899999999978718,0.244000000000028,0.00799999999981083,1,0.881679389312977,1,0.0517010433332051,0.0689207803875842,3,8.5,0.202932416953036,0.119427361473398,0.0522292222498083,0.49708218060844,0.554659253379856,"complete",""
