"job_id","dataset","implementation","classifier","backend","n_cores","variant","samples","variables","truth_classes","M","Tcycle","landmarks_requested","effective_landmarks","splitting","knn_k","ncomp","graph_neighbors","graph_correction","seed","wall_seconds","reported_core_seconds","embedding_seconds","classic_umap_seconds","kodama_umap_seconds","best_cv_accuracy","median_cv_accuracy","best_run","selected_ari","median_run_ari","selected_classes","median_classes","graph_truth_purity","classic_truth_silhouette","kodama_truth_silhouette","kodama_label_silhouette","median_truth_cluster_compactness","status","error"
"MetRef__kodama-cpp__knn__cuda__c4__reference","MetRef","kodama-cpp","knn","cuda",4,"reference",873,375,22,100,100,100000,655,100,30,50,100,TRUE,1234,3.115,2.64617531,0.0619999999999998,0.012,0.00800000000000001,1,0.880916030534351,1,0.0517010433332051,0.0612904256484606,3,9,0.202932416953036,0.129140342448314,-0.00755743880775873,0.532898331055694,0.572930919016401,"complete",NA
"MetRef__kodama-cpp__knn__cuda__c4__no_graph_correction","MetRef","kodama-cpp","knn","cuda",4,"no_graph_correction",873,375,22,100,100,100000,655,100,30,50,100,FALSE,1234,2.227,2.211732593,0.0110000000000001,0.012,0.00800000000000001,1,0.880916030534351,1,0.0517010433332051,0.0612904256484606,3,9,0.202932416953036,0.129140342448314,0.101023600839301,0.221868663755848,0.489695365516643,"complete",NA
"MetRef__kodama-cpp__knn__cuda__c4__splitting_300","MetRef","kodama-cpp","knn","cuda",4,"splitting_300",873,375,22,100,100,100000,655,300,30,50,100,TRUE,1234,2.303,2.289057332,0.00999999999999979,0.012,0.00799999999999912,1,0.865648854961832,7,0.0388540095077547,0.0540720250373238,2,10,0.202932416953036,0.129140342448314,0.000633998608804893,0.483143042582792,0.592223405195923,"complete",NA
"MetRef__kodama-cpp__pls_lda__cuda__c4__reference","MetRef","kodama-cpp","pls_lda","cuda",4,"reference",873,375,22,100,100,100000,655,100,30,50,100,TRUE,1234,584.089,584.073984347,0.0109999999999673,0.012,0.00900000000001455,1,0.99236641221374,30,0.770033523392767,0.704805959625854,21,24,0.202932416953036,0.129140342448314,0.783046383761945,0.356599046285993,0.0288568206275641,"complete",""
